<?xml version="1.0" encoding="UTF-8"?>
<project-private xmlns="http://www.netbeans.org/ns/project-private/1">
    <editor-bookmarks xmlns="http://www.netbeans.org/ns/editor-bookmarks/2" lastBookmarkId="0"/>
    <open-files xmlns="http://www.netbeans.org/ns/projectui-open-files/2">
        <group>
            <file>file:/E:/d/mini%20projects/banking/banking/src/userlogin.java</file>
            <file>file:/E:/d/mini%20projects/banking/banking/src/Balancecheck.java</file>
            <file>file:/E:/d/mini%20projects/banking/banking/src/TransferAmount.java</file>
            <file>file:/E:/d/mini%20projects/banking/banking/src/Admin.java</file>
            <file>file:/E:/d/mini%20projects/banking/banking/src/CreditAmount.java</file>
            <file>file:/E:/d/mini%20projects/banking/banking/src/WithdrawCash.java</file>
            <file>file:/E:/d/mini%20projects/banking/banking/src/account.java</file>
            <file>file:/E:/d/mini%20projects/banking/banking/src/userregistration.java</file>
        </group>
    </open-files>
</project-private>
